<?xml version="1.0" encoding="UTF-8"?>
<project-private xmlns="http://www.netbeans.org/ns/project-private/1">
    <editor-bookmarks xmlns="http://www.netbeans.org/ns/editor-bookmarks/2" lastBookmarkId="0"/>
    <open-files xmlns="http://www.netbeans.org/ns/projectui-open-files/2">
        <group>
            <file>file:/C:/Users/aaa/Documents/NetBeansProjects/projet_ter/src/formules/Model.java</file>
            <file>file:/C:/Users/aaa/Documents/NetBeansProjects/projet_ter/src/tree/Graph.java</file>
            <file>file:/C:/Users/aaa/Documents/NetBeansProjects/projet_ter/src/formules/F1opF2.java</file>
            <file>file:/C:/Users/aaa/Documents/NetBeansProjects/projet_ter/src/operators/LogicTest.java</file>
            <file>file:/C:/Users/aaa/Documents/NetBeansProjects/projet_ter/src/formules/Atom.java</file>
            <file>file:/C:/Users/aaa/Documents/NetBeansProjects/projet_ter/src/binaryTree/TreeNode.java</file>
            <file>file:/C:/Users/aaa/Documents/NetBeansProjects/projet_ter/src/binaryTree/BinaryTree.java</file>
            <file>file:/C:/Users/aaa/Documents/NetBeansProjects/projet_ter/src/tree/treeTest.java</file>
            <file>file:/C:/Users/aaa/Documents/NetBeansProjects/projet_ter/src/formules/Formule.java</file>
            <file>file:/C:/Users/aaa/Documents/NetBeansProjects/projet_ter/src/formules/OpF.java</file>
        </group>
    </open-files>
</project-private>
